"date","sales"
"2015-01-01",752
"2015-01-02",209
"2015-01-03",532
"2015-01-04",684
"2015-01-05",922
"2015-01-06",684
"2015-01-07",350
"2015-01-08",506
"2015-01-09",454
"2015-01-10",456
"2015-01-11",393
"2015-01-12",137
"2015-01-13",461
"2015-01-14",603
"2015-01-15",875
"2015-01-16",548
"2015-01-17",926
"2015-01-18",149
"2015-01-19",643
"2015-01-20",983
"2015-01-21",530
"2015-01-22",966
"2015-01-23",228
"2015-01-24",762
"2015-01-25",151
"2015-01-26",940
"2015-01-27",153
"2015-01-28",840
"2015-01-29",610
"2015-01-30",880
"2015-01-31",313
"2015-02-01",300
"2015-02-02",883
"2015-02-03",707
"2015-02-04",874
"2015-02-05",671
"2015-02-06",759
"2015-02-07",168
"2015-02-08",931
"2015-02-09",679
"2015-02-10",188
"2015-02-11",540
"2015-02-12",312
"2015-02-13",562
"2015-02-14",154
"2015-02-15",171
"2015-02-16",208
"2015-02-17",768
"2015-02-18",845
"2015-02-19",192
"2015-02-20",490
"2015-02-21",374
"2015-02-22",586
"2015-02-23",703
"2015-02-24",248
"2015-02-25",218
"2015-02-26",224
"2015-02-27",593
"2015-02-28",970
"2015-03-01",595
"2015-03-02",322
"2015-03-03",682
"2015-03-04",933
"2015-03-05",667
"2015-03-06",611
"2015-03-07",389
"2015-03-08",883
"2015-03-09",206
"2015-03-10",508
"2015-03-11",524
"2015-03-12",453
"2015-03-13",453
"2015-03-14",223
"2015-03-15",444
"2015-03-16",327
"2015-03-17",670
"2015-03-18",936
"2015-03-19",564
"2015-03-20",747
"2015-03-21",682
"2015-03-22",539
"2015-03-23",428
"2015-03-24",569
"2015-03-25",409
"2015-03-26",747
"2015-03-27",676
"2015-03-28",225
"2015-03-29",222
"2015-03-30",953
"2015-03-31",865
"2015-04-01",460
"2015-04-02",873
"2015-04-03",744
"2015-04-04",979
"2015-04-05",340
"2015-04-06",861
"2015-04-07",812
"2015-04-08",770
"2015-04-09",707
"2015-04-10",472
"2015-04-11",741
"2015-04-12",225
"2015-04-13",342
"2015-04-14",635
"2015-04-15",272
"2015-04-16",800
"2015-04-17",926
"2015-04-18",690
"2015-04-19",940
"2015-04-20",864
"2015-04-21",816
"2015-04-22",635
"2015-04-23",853
"2015-04-24",459
"2015-04-25",406
"2015-04-26",125
"2015-04-27",537
"2015-04-28",714
"2015-04-29",580
"2015-04-30",132
"2015-05-01",311
"2015-05-02",740
"2015-05-03",463
"2015-05-04",198
"2015-05-05",275
"2015-05-06",537
"2015-05-07",542
"2015-05-08",690
"2015-05-09",902
"2015-05-10",609
"2015-05-11",249
"2015-05-12",799
"2015-05-13",312
"2015-05-14",531
"2015-05-15",941
"2015-05-16",303
"2015-05-17",846
"2015-05-18",248
"2015-05-19",267
"2015-05-20",246
"2015-05-21",893
"2015-05-22",264
"2015-05-23",418
"2015-05-24",742
"2015-05-25",814
"2015-05-26",527
"2015-05-27",465
"2015-05-28",948
"2015-05-29",441
"2015-05-30",142
"2015-05-31",272
"2015-06-01",622
"2015-06-02",398
"2015-06-03",934
"2015-06-04",495
"2015-06-05",928
"2015-06-06",104
"2015-06-07",932
"2015-06-08",366
"2015-06-09",157
"2015-06-10",755
"2015-06-11",490
"2015-06-12",983
"2015-06-13",554
"2015-06-14",596
"2015-06-15",460
"2015-06-16",454
"2015-06-17",956
"2015-06-18",570
"2015-06-19",230
"2015-06-20",347
"2015-06-21",955
"2015-06-22",875
"2015-06-23",233
"2015-06-24",857
"2015-06-25",185
"2015-06-26",549
"2015-06-27",424
"2015-06-28",952
"2015-06-29",868
"2015-06-30",108
"2015-07-01",764
"2015-07-02",570
"2015-07-03",985
"2015-07-04",732
"2015-07-05",708
"2015-07-06",422
"2015-07-07",493
"2015-07-08",950
"2015-07-09",657
"2015-07-10",874
"2015-07-11",208
"2015-07-12",806
"2015-07-13",281
"2015-07-14",226
"2015-07-15",463
"2015-07-16",411
"2015-07-17",821
"2015-07-18",714
"2015-07-19",786
"2015-07-20",578
"2015-07-21",290
"2015-07-22",663
"2015-07-23",801
"2015-07-24",417
"2015-07-25",142
"2015-07-26",333
"2015-07-27",892
"2015-07-28",382
"2015-07-29",952
"2015-07-30",458
"2015-07-31",844
"2015-08-01",300
"2015-08-02",926
"2015-08-03",476
"2015-08-04",977
"2015-08-05",886
"2015-08-06",564
"2015-08-07",434
"2015-08-08",385
"2015-08-09",358
"2015-08-10",211
"2015-08-11",412
"2015-08-12",464
"2015-08-13",124
"2015-08-14",503
"2015-08-15",427
"2015-08-16",724
"2015-08-17",705
"2015-08-18",870
"2015-08-19",245
"2015-08-20",647
"2015-08-21",232
"2015-08-22",193
"2015-08-23",806
"2015-08-24",204
"2015-08-25",314
"2015-08-26",359
"2015-08-27",458
"2015-08-28",351
"2015-08-29",360
"2015-08-30",933
"2015-08-31",109
"2015-09-01",640
"2015-09-02",718
"2015-09-03",134
"2015-09-04",358
"2015-09-05",501
"2015-09-06",202
"2015-09-07",522
"2015-09-08",528
"2015-09-09",768
"2015-09-10",434
"2015-09-11",561
"2015-09-12",710
"2015-09-13",896
"2015-09-14",827
"2015-09-15",526
"2015-09-16",332
"2015-09-17",751
"2015-09-18",791
"2015-09-19",988
"2015-09-20",813
"2015-09-21",831
"2015-09-22",588
"2015-09-23",387
"2015-09-24",600
"2015-09-25",553
"2015-09-26",404
"2015-09-27",798
"2015-09-28",600
"2015-09-29",851
"2015-09-30",125
"2015-10-01",883
"2015-10-02",653
"2015-10-03",791
"2015-10-04",719
"2015-10-05",127
"2015-10-06",853
"2015-10-07",740
"2015-10-08",729
"2015-10-09",276
"2015-10-10",595
"2015-10-11",693
"2015-10-12",781
"2015-10-13",832
"2015-10-14",263
"2015-10-15",330
"2015-10-16",329
"2015-10-17",758
"2015-10-18",761
"2015-10-19",578
"2015-10-20",244
"2015-10-21",145
"2015-10-22",167
"2015-10-23",418
"2015-10-24",437
"2015-10-25",281
"2015-10-26",992
"2015-10-27",213
"2015-10-28",595
"2015-10-29",617
"2015-10-30",431
"2015-10-31",106
"2015-11-01",741
"2015-11-02",353
"2015-11-03",559
"2015-11-04",750
"2015-11-05",670
"2015-11-06",137
"2015-11-07",614
"2015-11-08",610
"2015-11-09",140
"2015-11-10",275
"2015-11-11",844
"2015-11-12",260
"2015-11-13",474
"2015-11-14",952
"2015-11-15",720
"2015-11-16",150
"2015-11-17",882
"2015-11-18",335
"2015-11-19",246
"2015-11-20",647
"2015-11-21",506
"2015-11-22",233
"2015-11-23",695
"2015-11-24",879
"2015-11-25",838
"2015-11-26",190
"2015-11-27",100
"2015-11-28",597
"2015-11-29",979
"2015-11-30",288
"2015-12-01",631
"2015-12-02",134
"2015-12-03",516
"2015-12-04",945
"2015-12-05",613
"2015-12-06",918
"2015-12-07",664
"2015-12-08",378
"2015-12-09",870
"2015-12-10",105
"2015-12-11",729
"2015-12-12",244
"2015-12-13",282
"2015-12-14",561
"2015-12-15",381
"2015-12-16",460
"2015-12-17",413
"2015-12-18",573
"2015-12-19",388
"2015-12-20",867
"2015-12-21",808
"2015-12-22",619
"2015-12-23",382
"2015-12-24",690
"2015-12-25",327
"2015-12-26",822
"2015-12-27",589
"2015-12-28",514
"2015-12-29",712
"2015-12-30",366
"2015-12-31",760
"2016-01-01",453
"2016-01-02",107
"2016-01-03",882
"2016-01-04",460
"2016-01-05",518
"2016-01-06",616
"2016-01-07",633
"2016-01-08",450
"2016-01-09",341
"2016-01-10",526
"2016-01-11",890
"2016-01-12",369
"2016-01-13",742
"2016-01-14",643
"2016-01-15",799
"2016-01-16",342
"2016-01-17",406
"2016-01-18",794
"2016-01-19",452
"2016-01-20",744
"2016-01-21",706
"2016-01-22",157
"2016-01-23",486
"2016-01-24",918
"2016-01-25",130
"2016-01-26",468
"2016-01-27",254
"2016-01-28",605
"2016-01-29",380
"2016-01-30",429
"2016-01-31",303
"2016-02-01",320
"2016-02-02",746
"2016-02-03",515
"2016-02-04",208
"2016-02-05",601
"2016-02-06",298
"2016-02-07",706
"2016-02-08",348
"2016-02-09",149
"2016-02-10",869
"2016-02-11",401
"2016-02-12",938
"2016-02-13",430
"2016-02-14",123
"2016-02-15",510
"2016-02-16",584
"2016-02-17",385
"2016-02-18",276
"2016-02-19",164
"2016-02-20",509
"2016-02-21",638
"2016-02-22",373
"2016-02-23",515
"2016-02-24",837
"2016-02-25",197
"2016-02-26",691
"2016-02-27",821
"2016-02-28",566
"2016-02-29",212
"2016-03-01",323
"2016-03-02",587
"2016-03-03",841
"2016-03-04",924
"2016-03-05",919
"2016-03-06",272
"2016-03-07",453
"2016-03-08",564
"2016-03-09",690
"2016-03-10",478
"2016-03-11",927
"2016-03-12",197
"2016-03-13",605
"2016-03-14",435
"2016-03-15",459
"2016-03-16",770
"2016-03-17",672
"2016-03-18",801
"2016-03-19",943
"2016-03-20",298
"2016-03-21",657
"2016-03-22",720
"2016-03-23",854
"2016-03-24",531
"2016-03-25",828
"2016-03-26",720
"2016-03-27",976
"2016-03-28",975
"2016-03-29",457
"2016-03-30",590
"2016-03-31",791
"2016-04-01",708
"2016-04-02",335
"2016-04-03",770
"2016-04-04",601
"2016-04-05",202
"2016-04-06",213
"2016-04-07",891
"2016-04-08",650
"2016-04-09",256
"2016-04-10",285
"2016-04-11",954
"2016-04-12",164
"2016-04-13",220
"2016-04-14",647
"2016-04-15",705
"2016-04-16",698
"2016-04-17",859
"2016-04-18",882
"2016-04-19",456
"2016-04-20",474
"2016-04-21",312
"2016-04-22",832
"2016-04-23",942
"2016-04-24",887
"2016-04-25",995
"2016-04-26",223
"2016-04-27",402
"2016-04-28",869
"2016-04-29",566
"2016-04-30",362
"2016-05-01",830
"2016-05-02",331
"2016-05-03",426
"2016-05-04",975
"2016-05-05",744
"2016-05-06",298
"2016-05-07",703
"2016-05-08",463
"2016-05-09",193
"2016-05-10",687
"2016-05-11",566
"2016-05-12",557
"2016-05-13",658
"2016-05-14",277
"2016-05-15",648
"2016-05-16",718
"2016-05-17",105
"2016-05-18",713
"2016-05-19",490
"2016-05-20",311
"2016-05-21",672
"2016-05-22",525
"2016-05-23",878
"2016-05-24",962
"2016-05-25",697
"2016-05-26",255
"2016-05-27",857
"2016-05-28",504
"2016-05-29",914
"2016-05-30",248
"2016-05-31",121
"2016-06-01",597
"2016-06-02",970
"2016-06-03",392
"2016-06-04",424
"2016-06-05",965
"2016-06-06",653
"2016-06-07",940
"2016-06-08",116
"2016-06-09",248
"2016-06-10",818
"2016-06-11",655
"2016-06-12",419
"2016-06-13",598
"2016-06-14",948
"2016-06-15",582
"2016-06-16",673
"2016-06-17",789
"2016-06-18",616
"2016-06-19",801
"2016-06-20",830
"2016-06-21",967
"2016-06-22",838
"2016-06-23",237
"2016-06-24",425
"2016-06-25",101
"2016-06-26",803
"2016-06-27",909
"2016-06-28",773
"2016-06-29",473
"2016-06-30",546
"2016-07-01",644
"2016-07-02",295
"2016-07-03",930
"2016-07-04",782
"2016-07-05",727
"2016-07-06",627
"2016-07-07",551
"2016-07-08",890
"2016-07-09",307
"2016-07-10",879
"2016-07-11",802
"2016-07-12",393
"2016-07-13",121
"2016-07-14",985
"2016-07-15",470
"2016-07-16",762
"2016-07-17",381
"2016-07-18",889
"2016-07-19",970
"2016-07-20",195
"2016-07-21",113
"2016-07-22",480
"2016-07-23",720
"2016-07-24",586
"2016-07-25",113
"2016-07-26",344
"2016-07-27",750
"2016-07-28",405
"2016-07-29",777
"2016-07-30",268
"2016-07-31",641
"2016-08-01",687
"2016-08-02",401
"2016-08-03",245
"2016-08-04",585
"2016-08-05",667
"2016-08-06",958
"2016-08-07",619
"2016-08-08",780
"2016-08-09",925
"2016-08-10",932
"2016-08-11",882
"2016-08-12",351
"2016-08-13",640
"2016-08-14",109
"2016-08-15",919
"2016-08-16",358
"2016-08-17",164
"2016-08-18",418
"2016-08-19",610
"2016-08-20",956
"2016-08-21",526
"2016-08-22",824
"2016-08-23",356
"2016-08-24",583
"2016-08-25",278
"2016-08-26",490
"2016-08-27",561
"2016-08-28",697
"2016-08-29",621
"2016-08-30",465
"2016-08-31",871
"2016-09-01",734
"2016-09-02",552
"2016-09-03",564
"2016-09-04",429
"2016-09-05",705
"2016-09-06",489
"2016-09-07",607
"2016-09-08",349
"2016-09-09",191
"2016-09-10",252
"2016-09-11",162
"2016-09-12",133
"2016-09-13",350
"2016-09-14",344
"2016-09-15",114
"2016-09-16",139
"2016-09-17",872
"2016-09-18",718
"2016-09-19",625
"2016-09-20",608
"2016-09-21",817
"2016-09-22",761
"2016-09-23",940
"2016-09-24",272
"2016-09-25",972
"2016-09-26",585
"2016-09-27",355
"2016-09-28",184
"2016-09-29",792
"2016-09-30",408
"2016-10-01",405
"2016-10-02",421
"2016-10-03",216
"2016-10-04",816
"2016-10-05",391
"2016-10-06",190
"2016-10-07",155
"2016-10-08",512
"2016-10-09",632
"2016-10-10",663
"2016-10-11",269
"2016-10-12",199
"2016-10-13",800
"2016-10-14",304
"2016-10-15",106
"2016-10-16",177
"2016-10-17",286
"2016-10-18",610
"2016-10-19",170
"2016-10-20",240
"2016-10-21",687
"2016-10-22",361
"2016-10-23",258
"2016-10-24",666
"2016-10-25",220
"2016-10-26",909
"2016-10-27",824
"2016-10-28",907
"2016-10-29",359
"2016-10-30",424
"2016-10-31",823
"2016-11-01",416
"2016-11-02",595
"2016-11-03",982
"2016-11-04",800
"2016-11-05",255
"2016-11-06",386
"2016-11-07",737
"2016-11-08",976
"2016-11-09",446
"2016-11-10",348
"2016-11-11",948
"2016-11-12",908
"2016-11-13",487
"2016-11-14",989
"2016-11-15",594
"2016-11-16",803
"2016-11-17",235
"2016-11-18",682
"2016-11-19",882
"2016-11-20",284
"2016-11-21",636
"2016-11-22",873
"2016-11-23",974
"2016-11-24",630
"2016-11-25",114
"2016-11-26",109
"2016-11-27",167
"2016-11-28",387
"2016-11-29",633
"2016-11-30",917
"2016-12-01",556
"2016-12-02",547
"2016-12-03",328
"2016-12-04",285
"2016-12-05",717
"2016-12-06",574
"2016-12-07",655
"2016-12-08",458
"2016-12-09",446
"2016-12-10",492
"2016-12-11",711
"2016-12-12",641
"2016-12-13",186
"2016-12-14",446
"2016-12-15",101
"2016-12-16",363
"2016-12-17",181
"2016-12-18",215
"2016-12-19",981
"2016-12-20",406
"2016-12-21",941
"2016-12-22",977
"2016-12-23",879
"2016-12-24",294
"2016-12-25",166
"2016-12-26",485
"2016-12-27",967
"2016-12-28",422
"2016-12-29",827
"2016-12-30",577
"2016-12-31",995
"2017-01-01",852
"2017-01-02",689
"2017-01-03",273
"2017-01-04",933
"2017-01-05",674
"2017-01-06",549
"2017-01-07",302
"2017-01-08",232
"2017-01-09",178
"2017-01-10",543
"2017-01-11",432
"2017-01-12",495
"2017-01-13",157
"2017-01-14",531
"2017-01-15",530
"2017-01-16",615
"2017-01-17",514
"2017-01-18",363
"2017-01-19",335
"2017-01-20",623
"2017-01-21",416
"2017-01-22",653
"2017-01-23",607
"2017-01-24",541
"2017-01-25",443
"2017-01-26",932
"2017-01-27",707
"2017-01-28",267
"2017-01-29",297
"2017-01-30",299
"2017-01-31",745
"2017-02-01",213
"2017-02-02",824
"2017-02-03",689
"2017-02-04",409
"2017-02-05",149
"2017-02-06",742
"2017-02-07",290
"2017-02-08",248
"2017-02-09",480
"2017-02-10",844
"2017-02-11",212
"2017-02-12",739
"2017-02-13",640
"2017-02-14",324
"2017-02-15",769
"2017-02-16",467
"2017-02-17",541
"2017-02-18",971
"2017-02-19",484
"2017-02-20",591
"2017-02-21",294
"2017-02-22",521
"2017-02-23",522
"2017-02-24",721
"2017-02-25",167
"2017-02-26",376
"2017-02-27",216
"2017-02-28",758
"2017-03-01",795
"2017-03-02",383
"2017-03-03",549
"2017-03-04",149
"2017-03-05",912
"2017-03-06",147
"2017-03-07",414
"2017-03-08",329
"2017-03-09",385
"2017-03-10",688
"2017-03-11",396
"2017-03-12",582
"2017-03-13",486
"2017-03-14",333
"2017-03-15",594
"2017-03-16",429
"2017-03-17",125
"2017-03-18",891
"2017-03-19",384
"2017-03-20",221
"2017-03-21",684
"2017-03-22",899
"2017-03-23",881
"2017-03-24",534
"2017-03-25",631
"2017-03-26",112
"2017-03-27",251
"2017-03-28",984
"2017-03-29",664
"2017-03-30",295
"2017-03-31",904
"2017-04-01",681
"2017-04-02",491
"2017-04-03",246
"2017-04-04",498
"2017-04-05",917
"2017-04-06",345
"2017-04-07",982
"2017-04-08",396
"2017-04-09",995
"2017-04-10",788
"2017-04-11",107
"2017-04-12",985
"2017-04-13",517
"2017-04-14",650
"2017-04-15",361
"2017-04-16",920
"2017-04-17",872
"2017-04-18",869
"2017-04-19",182
"2017-04-20",447
"2017-04-21",777
"2017-04-22",138
"2017-04-23",918
"2017-04-24",926
"2017-04-25",966
"2017-04-26",205
"2017-04-27",845
"2017-04-28",990
"2017-04-29",524
"2017-04-30",599
"2017-05-01",458
"2017-05-02",324
"2017-05-03",840
"2017-05-04",617
"2017-05-05",767
"2017-05-06",255
"2017-05-07",548
"2017-05-08",117
"2017-05-09",698
"2017-05-10",355
"2017-05-11",557
"2017-05-12",635
"2017-05-13",741
"2017-05-14",518
"2017-05-15",598
"2017-05-16",120
"2017-05-17",232
"2017-05-18",899
"2017-05-19",935
"2017-05-20",645
"2017-05-21",797
"2017-05-22",501
"2017-05-23",581
"2017-05-24",346
"2017-05-25",572
"2017-05-26",791
"2017-05-27",317
"2017-05-28",789
"2017-05-29",968
"2017-05-30",538
"2017-05-31",675
"2017-06-01",674
"2017-06-02",724
"2017-06-03",878
"2017-06-04",177
"2017-06-05",304
"2017-06-06",982
"2017-06-07",444
"2017-06-08",258
"2017-06-09",201
"2017-06-10",757
"2017-06-11",964
"2017-06-12",966
"2017-06-13",658
"2017-06-14",130
"2017-06-15",396
"2017-06-16",193
"2017-06-17",522
"2017-06-18",222
"2017-06-19",630
"2017-06-20",923
"2017-06-21",555
"2017-06-22",557
"2017-06-23",702
"2017-06-24",340
"2017-06-25",447
"2017-06-26",742
"2017-06-27",727
"2017-06-28",503
"2017-06-29",208
"2017-06-30",385
"2017-07-01",904
"2017-07-02",848
"2017-07-03",363
"2017-07-04",901
"2017-07-05",773
"2017-07-06",193
"2017-07-07",456
"2017-07-08",410
"2017-07-09",166
"2017-07-10",545
"2017-07-11",702
"2017-07-12",134
"2017-07-13",159
"2017-07-14",241
"2017-07-15",872
"2017-07-16",825
"2017-07-17",154
"2017-07-18",933
"2017-07-19",374
"2017-07-20",546
"2017-07-21",114
"2017-07-22",639
"2017-07-23",342
"2017-07-24",654
"2017-07-25",691
"2017-07-26",931
"2017-07-27",633
"2017-07-28",737
"2017-07-29",399
"2017-07-30",451
"2017-07-31",141
"2017-08-01",306
"2017-08-02",793
"2017-08-03",487
"2017-08-04",202
"2017-08-05",820
"2017-08-06",742
"2017-08-07",822
"2017-08-08",789
"2017-08-09",464
"2017-08-10",362
"2017-08-11",680
"2017-08-12",443
"2017-08-13",467
"2017-08-14",607
"2017-08-15",636
"2017-08-16",781
"2017-08-17",725
"2017-08-18",885
"2017-08-19",555
"2017-08-20",505
"2017-08-21",738
"2017-08-22",124
"2017-08-23",699
"2017-08-24",414
"2017-08-25",218
"2017-08-26",898
"2017-08-27",287
"2017-08-28",603
"2017-08-29",875
"2017-08-30",331
"2017-08-31",354
"2017-09-01",246
"2017-09-02",805
"2017-09-03",814
"2017-09-04",859
"2017-09-05",121
"2017-09-06",704
"2017-09-07",939
"2017-09-08",563
"2017-09-09",642
"2017-09-10",853
"2017-09-11",784
"2017-09-12",164
"2017-09-13",921
"2017-09-14",696
"2017-09-15",299
"2017-09-16",569
"2017-09-17",494
"2017-09-18",341
"2017-09-19",903
"2017-09-20",113
"2017-09-21",115
"2017-09-22",879
"2017-09-23",287
"2017-09-24",632
"2017-09-25",218
"2017-09-26",276
"2017-09-27",256
"2017-09-28",334
"2017-09-29",268
"2017-09-30",232
"2017-10-01",376
"2017-10-02",172
"2017-10-03",138
"2017-10-04",685
"2017-10-05",348
"2017-10-06",738
"2017-10-07",998
"2017-10-08",492
"2017-10-09",251
"2017-10-10",351
"2017-10-11",637
"2017-10-12",571
"2017-10-13",224
"2017-10-14",865
"2017-10-15",229
"2017-10-16",657
"2017-10-17",797
"2017-10-18",628
"2017-10-19",325
"2017-10-20",798
"2017-10-21",337
"2017-10-22",424
"2017-10-23",203
"2017-10-24",286
"2017-10-25",501
"2017-10-26",907
"2017-10-27",625
"2017-10-28",311
"2017-10-29",363
"2017-10-30",551
"2017-10-31",167
"2017-11-01",471
"2017-11-02",915
"2017-11-03",783
"2017-11-04",669
"2017-11-05",549
"2017-11-06",393
"2017-11-07",992
"2017-11-08",611
"2017-11-09",891
"2017-11-10",286
"2017-11-11",893
"2017-11-12",794
"2017-11-13",561
"2017-11-14",621
"2017-11-15",493
"2017-11-16",384
"2017-11-17",217
"2017-11-18",280
"2017-11-19",589
"2017-11-20",740
"2017-11-21",682
"2017-11-22",656
"2017-11-23",829
"2017-11-24",457
"2017-11-25",528
"2017-11-26",332
"2017-11-27",235
"2017-11-28",555
"2017-11-29",768
"2017-11-30",563
"2017-12-01",240
"2017-12-02",172
"2017-12-03",897
"2017-12-04",436
"2017-12-05",464
"2017-12-06",521
"2017-12-07",509
"2017-12-08",479
"2017-12-09",375
"2017-12-10",904
"2017-12-11",172
"2017-12-12",543
"2017-12-13",271
"2017-12-14",283
"2017-12-15",699
"2017-12-16",570
"2017-12-17",848
"2017-12-18",426
"2017-12-19",874
"2017-12-20",847
"2017-12-21",509
"2017-12-22",882
"2017-12-23",431
"2017-12-24",574
"2017-12-25",403
"2017-12-26",884
"2017-12-27",240
"2017-12-28",587
"2017-12-29",995
"2017-12-30",762
"2017-12-31",763
"2018-01-01",112
"2018-01-02",787
"2018-01-03",425
"2018-01-04",611
"2018-01-05",532
"2018-01-06",637
"2018-01-07",752
"2018-01-08",395
"2018-01-09",245
"2018-01-10",818
"2018-01-11",863
"2018-01-12",270
"2018-01-13",271
"2018-01-14",741
"2018-01-15",447
"2018-01-16",583
"2018-01-17",954
"2018-01-18",776
"2018-01-19",990
"2018-01-20",217
"2018-01-21",621
"2018-01-22",224
"2018-01-23",799
"2018-01-24",846
"2018-01-25",975
"2018-01-26",498
"2018-01-27",972
"2018-01-28",145
"2018-01-29",619
"2018-01-30",790
"2018-01-31",959
"2018-02-01",170
"2018-02-02",575
"2018-02-03",140
"2018-02-04",632
"2018-02-05",890
"2018-02-06",824
"2018-02-07",620
"2018-02-08",257
"2018-02-09",469
"2018-02-10",622
"2018-02-11",806
"2018-02-12",337
"2018-02-13",271
"2018-02-14",485
"2018-02-15",875
"2018-02-16",532
"2018-02-17",381
"2018-02-18",901
"2018-02-19",627
"2018-02-20",496
"2018-02-21",448
"2018-02-22",530
"2018-02-23",687
"2018-02-24",661
"2018-02-25",994
"2018-02-26",445
"2018-02-27",458
"2018-02-28",500
"2018-03-01",689
"2018-03-02",841
"2018-03-03",727
"2018-03-04",675
"2018-03-05",445
"2018-03-06",659
"2018-03-07",491
"2018-03-08",599
"2018-03-09",652
"2018-03-10",464
"2018-03-11",387
"2018-03-12",618
"2018-03-13",530
"2018-03-14",490
"2018-03-15",978
"2018-03-16",968
"2018-03-17",634
"2018-03-18",728
"2018-03-19",510
"2018-03-20",562
"2018-03-21",669
"2018-03-22",648
"2018-03-23",527
"2018-03-24",945
"2018-03-25",466
"2018-03-26",350
"2018-03-27",215
"2018-03-28",451
"2018-03-29",903
"2018-03-30",282
"2018-03-31",533
"2018-04-01",507
"2018-04-02",287
"2018-04-03",117
"2018-04-04",869
"2018-04-05",546
"2018-04-06",159
"2018-04-07",122
"2018-04-08",623
"2018-04-09",719
"2018-04-10",938
"2018-04-11",972
"2018-04-12",218
"2018-04-13",152
"2018-04-14",454
"2018-04-15",383
"2018-04-16",749
"2018-04-17",597
"2018-04-18",500
"2018-04-19",374
"2018-04-20",759
"2018-04-21",880
"2018-04-22",133
"2018-04-23",757
"2018-04-24",622
"2018-04-25",619
"2018-04-26",828
"2018-04-27",211
"2018-04-28",932
"2018-04-29",747
"2018-04-30",847
"2018-05-01",359
"2018-05-02",953
"2018-05-03",481
"2018-05-04",937
"2018-05-05",954
"2018-05-06",572
"2018-05-07",243
"2018-05-08",788
"2018-05-09",778
"2018-05-10",384
"2018-05-11",104
"2018-05-12",784
"2018-05-13",424
"2018-05-14",165
"2018-05-15",415
"2018-05-16",177
"2018-05-17",145
"2018-05-18",521
"2018-05-19",352
"2018-05-20",360
"2018-05-21",184
"2018-05-22",455
"2018-05-23",616
"2018-05-24",759
"2018-05-25",710
"2018-05-26",140
"2018-05-27",619
"2018-05-28",791
"2018-05-29",430
"2018-05-30",230
"2018-05-31",542
"2018-06-01",523
"2018-06-02",859
"2018-06-03",360
"2018-06-04",933
"2018-06-05",487
"2018-06-06",598
"2018-06-07",652
"2018-06-08",193
"2018-06-09",514
"2018-06-10",141
"2018-06-11",248
"2018-06-12",393
"2018-06-13",280
"2018-06-14",776
"2018-06-15",169
"2018-06-16",554
"2018-06-17",975
"2018-06-18",952
"2018-06-19",748
"2018-06-20",357
"2018-06-21",978
"2018-06-22",889
"2018-06-23",353
"2018-06-24",797
"2018-06-25",666
"2018-06-26",312
"2018-06-27",800
"2018-06-28",640
"2018-06-29",938
"2018-06-30",837
"2018-07-01",652
"2018-07-02",345
"2018-07-03",676
"2018-07-04",152
"2018-07-05",447
"2018-07-06",467
"2018-07-07",343
"2018-07-08",272
"2018-07-09",395
"2018-07-10",189
"2018-07-11",293
"2018-07-12",809
"2018-07-13",223
"2018-07-14",541
"2018-07-15",411
"2018-07-16",121
"2018-07-17",698
"2018-07-18",269
"2018-07-19",311
"2018-07-20",684
"2018-07-21",355
"2018-07-22",880
"2018-07-23",888
"2018-07-24",720
"2018-07-25",559
"2018-07-26",808
"2018-07-27",494
"2018-07-28",870
"2018-07-29",787
"2018-07-30",982
"2018-07-31",930
"2018-08-01",802
"2018-08-02",188
"2018-08-03",392
"2018-08-04",603
"2018-08-05",623
"2018-08-06",768
"2018-08-07",759
"2018-08-08",571
"2018-08-09",884
"2018-08-10",197
"2018-08-11",545
"2018-08-12",557
"2018-08-13",403
"2018-08-14",697
"2018-08-15",538
"2018-08-16",113
"2018-08-17",598
"2018-08-18",895
"2018-08-19",604
"2018-08-20",630
"2018-08-21",211
"2018-08-22",720
"2018-08-23",565
"2018-08-24",846
"2018-08-25",893
"2018-08-26",698
"2018-08-27",372
"2018-08-28",349
"2018-08-29",952
"2018-08-30",126
"2018-08-31",592
"2018-09-01",679
"2018-09-02",922
"2018-09-03",881
"2018-09-04",563
"2018-09-05",453
"2018-09-06",416
"2018-09-07",881
"2018-09-08",304
"2018-09-09",760
"2018-09-10",948
"2018-09-11",159
"2018-09-12",553
"2018-09-13",874
"2018-09-14",324
"2018-09-15",365
"2018-09-16",107
"2018-09-17",129
"2018-09-18",990
"2018-09-19",363
"2018-09-20",618
"2018-09-21",625
"2018-09-22",258
"2018-09-23",683
"2018-09-24",221
"2018-09-25",945
"2018-09-26",242
"2018-09-27",626
"2018-09-28",999
"2018-09-29",482
"2018-09-30",423
"2018-10-01",645
"2018-10-02",109
"2018-10-03",268
"2018-10-04",122
"2018-10-05",962
"2018-10-06",130
"2018-10-07",910
"2018-10-08",782
"2018-10-09",468
"2018-10-10",373
"2018-10-11",774
"2018-10-12",989
"2018-10-13",434
"2018-10-14",285
"2018-10-15",574
"2018-10-16",293
"2018-10-17",603
"2018-10-18",409
"2018-10-19",833
"2018-10-20",242
"2018-10-21",957
"2018-10-22",438
"2018-10-23",589
"2018-10-24",884
"2018-10-25",572
"2018-10-26",406
"2018-10-27",840
"2018-10-28",598
"2018-10-29",482
"2018-10-30",201
"2018-10-31",336
"2018-11-01",687
"2018-11-02",929
"2018-11-03",996
"2018-11-04",573
"2018-11-05",403
"2018-11-06",600
"2018-11-07",297
"2018-11-08",273
"2018-11-09",863
"2018-11-10",370
"2018-11-11",343
"2018-11-12",451
"2018-11-13",994
"2018-11-14",171
"2018-11-15",616
"2018-11-16",484
"2018-11-17",359
"2018-11-18",583
"2018-11-19",884
"2018-11-20",653
"2018-11-21",970
"2018-11-22",320
"2018-11-23",845
"2018-11-24",968
"2018-11-25",181
"2018-11-26",305
"2018-11-27",770
"2018-11-28",667
"2018-11-29",564
"2018-11-30",210
"2018-12-01",873
"2018-12-02",825
"2018-12-03",822
"2018-12-04",291
"2018-12-05",118
"2018-12-06",257
"2018-12-07",622
"2018-12-08",592
"2018-12-09",940
"2018-12-10",978
"2018-12-11",293
"2018-12-12",643
"2018-12-13",924
"2018-12-14",776
"2018-12-15",868
"2018-12-16",124
"2018-12-17",834
"2018-12-18",124
"2018-12-19",333
"2018-12-20",705
"2018-12-21",115
"2018-12-22",422
"2018-12-23",657
"2018-12-24",591
"2018-12-25",553
"2018-12-26",460
"2018-12-27",658
"2018-12-28",568
"2018-12-29",344
"2018-12-30",737
"2018-12-31",507
"2019-01-01",862
"2019-01-02",509
"2019-01-03",476
"2019-01-04",396
"2019-01-05",660
"2019-01-06",258
"2019-01-07",702
"2019-01-08",389
"2019-01-09",805
"2019-01-10",469
"2019-01-11",827
"2019-01-12",155
"2019-01-13",388
"2019-01-14",375
"2019-01-15",594
"2019-01-16",107
"2019-01-17",236
"2019-01-18",879
"2019-01-19",426
"2019-01-20",110
"2019-01-21",663
"2019-01-22",265
"2019-01-23",921
"2019-01-24",622
"2019-01-25",381
"2019-01-26",497
"2019-01-27",937
"2019-01-28",544
"2019-01-29",928
"2019-01-30",753
"2019-01-31",889
"2019-02-01",836
"2019-02-02",522
"2019-02-03",576
"2019-02-04",484
"2019-02-05",852
"2019-02-06",625
"2019-02-07",832
"2019-02-08",214
"2019-02-09",546
"2019-02-10",948
"2019-02-11",268
"2019-02-12",387
"2019-02-13",506
"2019-02-14",467
"2019-02-15",589
"2019-02-16",868
"2019-02-17",442
"2019-02-18",816
"2019-02-19",933
"2019-02-20",827
"2019-02-21",747
"2019-02-22",442
"2019-02-23",865
"2019-02-24",719
"2019-02-25",496
"2019-02-26",975
"2019-02-27",908
"2019-02-28",683
"2019-03-01",470
"2019-03-02",911
"2019-03-03",900
"2019-03-04",524
"2019-03-05",441
"2019-03-06",143
"2019-03-07",954
"2019-03-08",647
"2019-03-09",702
"2019-03-10",176
"2019-03-11",248
"2019-03-12",499
"2019-03-13",481
"2019-03-14",151
"2019-03-15",194
"2019-03-16",191
"2019-03-17",449
"2019-03-18",802
"2019-03-19",797
"2019-03-20",407
"2019-03-21",441
"2019-03-22",149
"2019-03-23",653
"2019-03-24",215
"2019-03-25",288
"2019-03-26",767
"2019-03-27",333
"2019-03-28",833
"2019-03-29",704
"2019-03-30",703
"2019-03-31",337
"2019-04-01",667
"2019-04-02",888
"2019-04-03",773
"2019-04-04",611
"2019-04-05",131
"2019-04-06",111
"2019-04-07",643
"2019-04-08",344
"2019-04-09",649
"2019-04-10",716
"2019-04-11",925
"2019-04-12",615
"2019-04-13",782
"2019-04-14",445
"2019-04-15",840
"2019-04-16",401
"2019-04-17",923
"2019-04-18",846
"2019-04-19",494
"2019-04-20",171
"2019-04-21",437
"2019-04-22",137
"2019-04-23",657
"2019-04-24",466
"2019-04-25",569
"2019-04-26",306
"2019-04-27",657
"2019-04-28",540
"2019-04-29",188
"2019-04-30",899
"2019-05-01",365
"2019-05-02",322
"2019-05-03",895
"2019-05-04",185
"2019-05-05",714
"2019-05-06",908
"2019-05-07",824
"2019-05-08",391
"2019-05-09",619
"2019-05-10",346
"2019-05-11",175
"2019-05-12",684
"2019-05-13",852
"2019-05-14",475
"2019-05-15",548
"2019-05-16",442
"2019-05-17",341
"2019-05-18",338
"2019-05-19",971
"2019-05-20",818
"2019-05-21",910
"2019-05-22",815
"2019-05-23",785
"2019-05-24",991
"2019-05-25",508
"2019-05-26",901
"2019-05-27",885
"2019-05-28",161
"2019-05-29",658
"2019-05-30",704
"2019-05-31",717
"2019-06-01",866
"2019-06-02",589
"2019-06-03",642
"2019-06-04",962
"2019-06-05",750
"2019-06-06",586
"2019-06-07",823
"2019-06-08",171
"2019-06-09",728
"2019-06-10",564
"2019-06-11",202
"2019-06-12",211
"2019-06-13",635
"2019-06-14",865
"2019-06-15",947
"2019-06-16",106
"2019-06-17",769
"2019-06-18",983
"2019-06-19",796
"2019-06-20",889
"2019-06-21",373
"2019-06-22",432
"2019-06-23",242
"2019-06-24",434
"2019-06-25",888
"2019-06-26",247
"2019-06-27",108
"2019-06-28",204
"2019-06-29",924
"2019-06-30",873
"2019-07-01",847
"2019-07-02",369
"2019-07-03",861
"2019-07-04",379
"2019-07-05",801
"2019-07-06",201
"2019-07-07",852
"2019-07-08",165
"2019-07-09",249
"2019-07-10",229
"2019-07-11",828
"2019-07-12",254
"2019-07-13",679
"2019-07-14",167
"2019-07-15",282
"2019-07-16",253
"2019-07-17",369
"2019-07-18",292
"2019-07-19",684
"2019-07-20",133
"2019-07-21",448
"2019-07-22",789
"2019-07-23",109
"2019-07-24",932
"2019-07-25",767
"2019-07-26",106
"2019-07-27",287
"2019-07-28",171
"2019-07-29",268
"2019-07-30",407
"2019-07-31",703
"2019-08-01",452
"2019-08-02",168
"2019-08-03",957
"2019-08-04",322
"2019-08-05",337
"2019-08-06",389
"2019-08-07",927
"2019-08-08",445
"2019-08-09",554
"2019-08-10",635
"2019-08-11",716
"2019-08-12",510
"2019-08-13",622
"2019-08-14",921
"2019-08-15",312
"2019-08-16",978
"2019-08-17",380
"2019-08-18",668
"2019-08-19",994
"2019-08-20",484
"2019-08-21",713
"2019-08-22",164
"2019-08-23",369
"2019-08-24",280
"2019-08-25",872
"2019-08-26",938
"2019-08-27",861
"2019-08-28",973
"2019-08-29",659
"2019-08-30",192
"2019-08-31",593
"2019-09-01",968
"2019-09-02",571
"2019-09-03",412
"2019-09-04",925
"2019-09-05",350
"2019-09-06",142
"2019-09-07",422
"2019-09-08",251
"2019-09-09",486
"2019-09-10",398
"2019-09-11",178
"2019-09-12",600
"2019-09-13",610
"2019-09-14",475
"2019-09-15",867
"2019-09-16",776
"2019-09-17",204
"2019-09-18",225
"2019-09-19",992
"2019-09-20",182
"2019-09-21",893
"2019-09-22",754
"2019-09-23",314
"2019-09-24",802
"2019-09-25",129
"2019-09-26",194
"2019-09-27",266
"2019-09-28",579
"2019-09-29",737
"2019-09-30",260
"2019-10-01",941
"2019-10-02",157
"2019-10-03",565
"2019-10-04",234
"2019-10-05",757
"2019-10-06",641
"2019-10-07",227
"2019-10-08",389
"2019-10-09",423
"2019-10-10",752
"2019-10-11",641
"2019-10-12",485
"2019-10-13",516
"2019-10-14",167
"2019-10-15",643
"2019-10-16",678
"2019-10-17",417
"2019-10-18",468
"2019-10-19",165
"2019-10-20",437
"2019-10-21",437
"2019-10-22",745
"2019-10-23",746
"2019-10-24",740
"2019-10-25",118
"2019-10-26",534
"2019-10-27",910
"2019-10-28",812
"2019-10-29",592
"2019-10-30",824
"2019-10-31",444
"2019-11-01",804
"2019-11-02",378
"2019-11-03",542
"2019-11-04",231
"2019-11-05",800
"2019-11-06",652
"2019-11-07",584
"2019-11-08",205
"2019-11-09",712
"2019-11-10",152
"2019-11-11",125
"2019-11-12",530
"2019-11-13",844
"2019-11-14",324
"2019-11-15",900
"2019-11-16",634
"2019-11-17",508
"2019-11-18",582
"2019-11-19",479
"2019-11-20",983
"2019-11-21",929
"2019-11-22",470
"2019-11-23",261
"2019-11-24",339
"2019-11-25",658
"2019-11-26",885
"2019-11-27",647
"2019-11-28",744
"2019-11-29",524
"2019-11-30",934
"2019-12-01",399
"2019-12-02",178
"2019-12-03",708
"2019-12-04",816
"2019-12-05",650
"2019-12-06",198
"2019-12-07",765
"2019-12-08",769
"2019-12-09",446
"2019-12-10",821
"2019-12-11",453
"2019-12-12",842
"2019-12-13",230
"2019-12-14",334
"2019-12-15",898
"2019-12-16",705
"2019-12-17",330
"2019-12-18",736
"2019-12-19",259
"2019-12-20",199
"2019-12-21",222
"2019-12-22",548
"2019-12-23",944
"2019-12-24",989
"2019-12-25",834
"2019-12-26",211
"2019-12-27",994
"2019-12-28",541
"2019-12-29",537
"2019-12-30",144
"2019-12-31",511
"2020-01-01",990
"2020-01-02",566
"2020-01-03",655
"2020-01-04",495
"2020-01-05",352
"2020-01-06",579
"2020-01-07",676
"2020-01-08",437
"2020-01-09",449
"2020-01-10",355
"2020-01-11",339
"2020-01-12",541
"2020-01-13",801
"2020-01-14",987
"2020-01-15",120
"2020-01-16",696
"2020-01-17",112
"2020-01-18",192
"2020-01-19",765
"2020-01-20",841
"2020-01-21",626
"2020-01-22",391
"2020-01-23",227
"2020-01-24",678
"2020-01-25",128
"2020-01-26",164
"2020-01-27",601
"2020-01-28",368
"2020-01-29",225
"2020-01-30",706
"2020-01-31",264
"2020-02-01",358
"2020-02-02",871
"2020-02-03",376
"2020-02-04",647
"2020-02-05",743
"2020-02-06",487
"2020-02-07",833
"2020-02-08",678
"2020-02-09",402
"2020-02-10",905
"2020-02-11",870
"2020-02-12",996
"2020-02-13",798
"2020-02-14",391
"2020-02-15",568
"2020-02-16",134
"2020-02-17",309
"2020-02-18",774
"2020-02-19",269
"2020-02-20",283
"2020-02-21",609
"2020-02-22",343
"2020-02-23",471
"2020-02-24",380
"2020-02-25",530
"2020-02-26",176
"2020-02-27",658
"2020-02-28",494
"2020-02-29",678
"2020-03-01",338
"2020-03-02",119
"2020-03-03",923
"2020-03-04",948
"2020-03-05",911
"2020-03-06",533
"2020-03-07",900
"2020-03-08",557
"2020-03-09",851
"2020-03-10",754
"2020-03-11",978
"2020-03-12",186
"2020-03-13",280
"2020-03-14",663
"2020-03-15",454
"2020-03-16",962
"2020-03-17",560
"2020-03-18",928
"2020-03-19",525
"2020-03-20",314
"2020-03-21",665
"2020-03-22",479
"2020-03-23",315
"2020-03-24",130
"2020-03-25",894
"2020-03-26",765
"2020-03-27",311
"2020-03-28",808
"2020-03-29",354
"2020-03-30",436
"2020-03-31",155
"2020-04-01",778
"2020-04-02",551
"2020-04-03",447
"2020-04-04",950
"2020-04-05",920
"2020-04-06",272
"2020-04-07",831
"2020-04-08",921
"2020-04-09",542
"2020-04-10",203
"2020-04-11",540
"2020-04-12",454
"2020-04-13",373
"2020-04-14",186
"2020-04-15",662
"2020-04-16",202
"2020-04-17",159
"2020-04-18",339
"2020-04-19",995
"2020-04-20",237
"2020-04-21",946
"2020-04-22",474
"2020-04-23",189
"2020-04-24",662
"2020-04-25",839
"2020-04-26",997
"2020-04-27",179
"2020-04-28",709
"2020-04-29",578
"2020-04-30",638
"2020-05-01",854
"2020-05-02",326
"2020-05-03",370
"2020-05-04",110
"2020-05-05",280
"2020-05-06",308
"2020-05-07",959
"2020-05-08",694
"2020-05-09",126
"2020-05-10",883
"2020-05-11",797
"2020-05-12",507
"2020-05-13",802
"2020-05-14",212
"2020-05-15",153
"2020-05-16",390
"2020-05-17",838
"2020-05-18",111
"2020-05-19",892
"2020-05-20",537
"2020-05-21",355
"2020-05-22",277
"2020-05-23",494
"2020-05-24",948
"2020-05-25",998
"2020-05-26",920
"2020-05-27",432
"2020-05-28",640
"2020-05-29",331
"2020-05-30",211
"2020-05-31",965
"2020-06-01",987
"2020-06-02",178
"2020-06-03",165
"2020-06-04",394
"2020-06-05",739
"2020-06-06",938
"2020-06-07",483
"2020-06-08",340
"2020-06-09",750
"2020-06-10",642
"2020-06-11",497
"2020-06-12",889
"2020-06-13",397
"2020-06-14",309
"2020-06-15",674
"2020-06-16",136
"2020-06-17",329
"2020-06-18",112
"2020-06-19",547
"2020-06-20",638
"2020-06-21",377
"2020-06-22",234
"2020-06-23",392
"2020-06-24",195
"2020-06-25",143
"2020-06-26",213
"2020-06-27",304
"2020-06-28",741
"2020-06-29",852
"2020-06-30",905
"2020-07-01",447
"2020-07-02",429
"2020-07-03",772
"2020-07-04",639
"2020-07-05",857
"2020-07-06",698
"2020-07-07",327
"2020-07-08",715
"2020-07-09",471
"2020-07-10",331
"2020-07-11",304
"2020-07-12",334
"2020-07-13",585
"2020-07-14",845
"2020-07-15",780
"2020-07-16",310
"2020-07-17",815
"2020-07-18",249
"2020-07-19",228
"2020-07-20",289
"2020-07-21",194
"2020-07-22",669
"2020-07-23",908
"2020-07-24",104
"2020-07-25",414
"2020-07-26",811
"2020-07-27",114
"2020-07-28",229
"2020-07-29",435
"2020-07-30",932
"2020-07-31",300
"2020-08-01",866
"2020-08-02",228
"2020-08-03",666
"2020-08-04",960
"2020-08-05",469
"2020-08-06",334
"2020-08-07",737
"2020-08-08",589
"2020-08-09",665
"2020-08-10",145
"2020-08-11",339
"2020-08-12",973
"2020-08-13",495
"2020-08-14",489
"2020-08-15",466
"2020-08-16",479
"2020-08-17",793
"2020-08-18",300
"2020-08-19",920
"2020-08-20",589
"2020-08-21",338
"2020-08-22",981
"2020-08-23",532
"2020-08-24",177
"2020-08-25",643
"2020-08-26",286
"2020-08-27",524
"2020-08-28",823
"2020-08-29",620
"2020-08-30",772
"2020-08-31",599
"2020-09-01",912
"2020-09-02",738
"2020-09-03",892
"2020-09-04",476
"2020-09-05",607
"2020-09-06",381
"2020-09-07",659
"2020-09-08",194
"2020-09-09",210
"2020-09-10",378
"2020-09-11",161
"2020-09-12",664
"2020-09-13",551
"2020-09-14",346
"2020-09-15",734
"2020-09-16",132
"2020-09-17",202
"2020-09-18",558
"2020-09-19",337
"2020-09-20",519
"2020-09-21",228
"2020-09-22",489
"2020-09-23",511
"2020-09-24",289
"2020-09-25",179
"2020-09-26",666
"2020-09-27",812
"2020-09-28",148
"2020-09-29",672
"2020-09-30",622
"2020-10-01",821
"2020-10-02",262
"2020-10-03",991
"2020-10-04",712
"2020-10-05",976
"2020-10-06",527
"2020-10-07",927
"2020-10-08",338
"2020-10-09",830
"2020-10-10",360
"2020-10-11",333
"2020-10-12",449
"2020-10-13",261
"2020-10-14",928
"2020-10-15",749
"2020-10-16",984
"2020-10-17",849
"2020-10-18",718
"2020-10-19",525
"2020-10-20",932
"2020-10-21",984
"2020-10-22",237
"2020-10-23",952
"2020-10-24",203
"2020-10-25",195
"2020-10-26",825
"2020-10-27",475
"2020-10-28",764
"2020-10-29",305
"2020-10-30",125
"2020-10-31",400
"2020-11-01",652
"2020-11-02",160
"2020-11-03",161
"2020-11-04",336
"2020-11-05",173
"2020-11-06",828
"2020-11-07",634
"2020-11-08",497
"2020-11-09",235
"2020-11-10",322
"2020-11-11",552
"2020-11-12",535
"2020-11-13",631
"2020-11-14",533
"2020-11-15",457
"2020-11-16",788
"2020-11-17",825
"2020-11-18",470
"2020-11-19",162
"2020-11-20",385
"2020-11-21",505
"2020-11-22",495
"2020-11-23",530
"2020-11-24",662
"2020-11-25",270
"2020-11-26",572
"2020-11-27",223
"2020-11-28",239
"2020-11-29",907
"2020-11-30",628
"2020-12-01",227
"2020-12-02",208
"2020-12-03",499
"2020-12-04",753
"2020-12-05",130
"2020-12-06",227
"2020-12-07",489
"2020-12-08",647
"2020-12-09",368
"2020-12-10",302
"2020-12-11",219
"2020-12-12",732
"2020-12-13",851
"2020-12-14",242
"2020-12-15",268
"2020-12-16",550
"2020-12-17",310
"2020-12-18",942
"2020-12-19",644
"2020-12-20",249
"2020-12-21",507
"2020-12-22",888
"2020-12-23",746
"2020-12-24",682
"2020-12-25",276
"2020-12-26",923
"2020-12-27",758
"2020-12-28",101
"2020-12-29",615
"2020-12-30",611
"2020-12-31",658
"2021-01-01",567
"2021-01-02",251
"2021-01-03",140
"2021-01-04",934
"2021-01-05",795
"2021-01-06",635
"2021-01-07",516
"2021-01-08",797
"2021-01-09",388
"2021-01-10",727
"2021-01-11",355
"2021-01-12",803
"2021-01-13",882
"2021-01-14",591
"2021-01-15",700
"2021-01-16",208
"2021-01-17",395
"2021-01-18",475
"2021-01-19",329
"2021-01-20",419
"2021-01-21",785
"2021-01-22",100
"2021-01-23",819
"2021-01-24",321
"2021-01-25",921
"2021-01-26",433
"2021-01-27",971
"2021-01-28",986
"2021-01-29",580
"2021-01-30",597
"2021-01-31",155
"2021-02-01",122
"2021-02-02",895
"2021-02-03",268
"2021-02-04",175
"2021-02-05",576
"2021-02-06",204
"2021-02-07",512
"2021-02-08",351
"2021-02-09",478
"2021-02-10",756
"2021-02-11",683
"2021-02-12",416
"2021-02-13",295
"2021-02-14",169
"2021-02-15",446
"2021-02-16",768
"2021-02-17",938
"2021-02-18",627
"2021-02-19",369
"2021-02-20",275
"2021-02-21",848
"2021-02-22",626
"2021-02-23",520
"2021-02-24",790
"2021-02-25",789
"2021-02-26",361
"2021-02-27",430
"2021-02-28",620
"2021-03-01",239
"2021-03-02",619
"2021-03-03",973
"2021-03-04",241
"2021-03-05",993
"2021-03-06",994
"2021-03-07",748
"2021-03-08",177
"2021-03-09",257
"2021-03-10",236
"2021-03-11",626
"2021-03-12",515
"2021-03-13",136
"2021-03-14",399
"2021-03-15",526
"2021-03-16",693
"2021-03-17",887
"2021-03-18",978
"2021-03-19",928
"2021-03-20",380
"2021-03-21",561
"2021-03-22",616
"2021-03-23",674
"2021-03-24",365
"2021-03-25",982
"2021-03-26",632
"2021-03-27",619
"2021-03-28",210
"2021-03-29",316
"2021-03-30",496
"2021-03-31",608
"2021-04-01",577
"2021-04-02",527
"2021-04-03",318
"2021-04-04",955
"2021-04-05",171
"2021-04-06",148
"2021-04-07",304
"2021-04-08",454
"2021-04-09",518
"2021-04-10",753
"2021-04-11",433
"2021-04-12",771
"2021-04-13",207
"2021-04-14",473
"2021-04-15",727
"2021-04-16",344
"2021-04-17",378
"2021-04-18",951
"2021-04-19",341
"2021-04-20",361
"2021-04-21",478
"2021-04-22",789
"2021-04-23",383
"2021-04-24",144
"2021-04-25",182
"2021-04-26",687
"2021-04-27",530
"2021-04-28",982
"2021-04-29",327
"2021-04-30",429
"2021-05-01",276
"2021-05-02",114
"2021-05-03",213
"2021-05-04",820
"2021-05-05",992
"2021-05-06",550
"2021-05-07",422
"2021-05-08",938
"2021-05-09",310
"2021-05-10",851
"2021-05-11",777
"2021-05-12",999
"2021-05-13",336
"2021-05-14",666
"2021-05-15",826
"2021-05-16",462
"2021-05-17",846
"2021-05-18",649
"2021-05-19",704
"2021-05-20",701
"2021-05-21",478
"2021-05-22",182
"2021-05-23",741
"2021-05-24",540
"2021-05-25",176
"2021-05-26",458
"2021-05-27",635
"2021-05-28",260
"2021-05-29",506
"2021-05-30",722
"2021-05-31",789
"2021-06-01",310
"2021-06-02",803
"2021-06-03",802
"2021-06-04",282
"2021-06-05",343
"2021-06-06",696
"2021-06-07",102
"2021-06-08",943
"2021-06-09",999
"2021-06-10",958
"2021-06-11",513
"2021-06-12",636
"2021-06-13",528
"2021-06-14",469
"2021-06-15",846
"2021-06-16",212
"2021-06-17",558
"2021-06-18",995
"2021-06-19",794
"2021-06-20",363
"2021-06-21",428
"2021-06-22",866
"2021-06-23",214
"2021-06-24",798
"2021-06-25",425
"2021-06-26",921
"2021-06-27",523
"2021-06-28",851
"2021-06-29",891
"2021-06-30",213
"2021-07-01",211
"2021-07-02",987
"2021-07-03",821
"2021-07-04",930
"2021-07-05",339
"2021-07-06",660
"2021-07-07",297
"2021-07-08",140
"2021-07-09",419
"2021-07-10",799
"2021-07-11",262
"2021-07-12",871
"2021-07-13",887
"2021-07-14",913
"2021-07-15",782
"2021-07-16",370
"2021-07-17",794
"2021-07-18",480
"2021-07-19",805
"2021-07-20",890
"2021-07-21",129
"2021-07-22",726
"2021-07-23",609
"2021-07-24",562
"2021-07-25",142
"2021-07-26",910
"2021-07-27",807
"2021-07-28",515
"2021-07-29",371
"2021-07-30",579
"2021-07-31",316
"2021-08-01",418
"2021-08-02",744
"2021-08-03",622
"2021-08-04",289
"2021-08-05",946
"2021-08-06",905
"2021-08-07",674
"2021-08-08",527
"2021-08-09",122
"2021-08-10",218
"2021-08-11",387
"2021-08-12",755
"2021-08-13",414
"2021-08-14",189
"2021-08-15",138
"2021-08-16",831
"2021-08-17",372
"2021-08-18",388
"2021-08-19",486
"2021-08-20",843
"2021-08-21",796
"2021-08-22",466
"2021-08-23",998
"2021-08-24",204
"2021-08-25",659
"2021-08-26",272
"2021-08-27",623
"2021-08-28",905
"2021-08-29",813
"2021-08-30",419
"2021-08-31",166
"2021-09-01",209
"2021-09-02",600
"2021-09-03",487
"2021-09-04",344
"2021-09-05",608
"2021-09-06",542
"2021-09-07",865
"2021-09-08",329
"2021-09-09",966
"2021-09-10",329
"2021-09-11",144
"2021-09-12",291
"2021-09-13",951
"2021-09-14",667
"2021-09-15",914
"2021-09-16",753
"2021-09-17",430
"2021-09-18",740
"2021-09-19",666
"2021-09-20",751
"2021-09-21",751
"2021-09-22",316
"2021-09-23",914
"2021-09-24",604
"2021-09-25",729
"2021-09-26",927
"2021-09-27",145
"2021-09-28",728
"2021-09-29",900
"2021-09-30",198
"2021-10-01",820
"2021-10-02",779
"2021-10-03",519
"2021-10-04",632
"2021-10-05",196
"2021-10-06",848
"2021-10-07",745
"2021-10-08",325
"2021-10-09",646
"2021-10-10",256
"2021-10-11",470
"2021-10-12",366
"2021-10-13",231
"2021-10-14",222
"2021-10-15",371
"2021-10-16",736
"2021-10-17",360
"2021-10-18",180
"2021-10-19",185
"2021-10-20",732
"2021-10-21",122
"2021-10-22",146
"2021-10-23",654
"2021-10-24",917
"2021-10-25",929
"2021-10-26",204
"2021-10-27",481
"2021-10-28",120
"2021-10-29",538
"2021-10-30",315
"2021-10-31",415
"2021-11-01",738
"2021-11-02",577
"2021-11-03",551
"2021-11-04",139
"2021-11-05",399
"2021-11-06",925
"2021-11-07",619
"2021-11-08",176
"2021-11-09",595
"2021-11-10",504
"2021-11-11",323
"2021-11-12",909
"2021-11-13",779
"2021-11-14",537
"2021-11-15",786
"2021-11-16",935
"2021-11-17",275
"2021-11-18",326
"2021-11-19",287
"2021-11-20",347
"2021-11-21",724
"2021-11-22",982
"2021-11-23",405
"2021-11-24",441
"2021-11-25",633
"2021-11-26",435
"2021-11-27",634
"2021-11-28",893
"2021-11-29",464
"2021-11-30",683
"2021-12-01",912
"2021-12-02",535
"2021-12-03",515
"2021-12-04",390
"2021-12-05",730
"2021-12-06",325
"2021-12-07",824
"2021-12-08",469
"2021-12-09",562
"2021-12-10",423
"2021-12-11",318
"2021-12-12",263
"2021-12-13",342
"2021-12-14",146
"2021-12-15",262
"2021-12-16",975
"2021-12-17",847
"2021-12-18",596
"2021-12-19",426
"2021-12-20",805
"2021-12-21",897
"2021-12-22",949
"2021-12-23",284
"2021-12-24",629
"2021-12-25",115
"2021-12-26",224
"2021-12-27",745
"2021-12-28",665
"2021-12-29",812
"2021-12-30",724
"2021-12-31",331
"2022-01-01",981
"2022-01-02",973
"2022-01-03",717
"2022-01-04",210
"2022-01-05",221
"2022-01-06",225
"2022-01-07",596
"2022-01-08",446
"2022-01-09",172
"2022-01-10",753
"2022-01-11",219
"2022-01-12",927
"2022-01-13",704
"2022-01-14",993
"2022-01-15",276
"2022-01-16",239
"2022-01-17",682
"2022-01-18",574
"2022-01-19",774
"2022-01-20",241
"2022-01-21",833
"2022-01-22",575
"2022-01-23",504
"2022-01-24",764
"2022-01-25",768
"2022-01-26",822
"2022-01-27",640
"2022-01-28",339
"2022-01-29",381
"2022-01-30",589
"2022-01-31",495
"2022-02-01",909
"2022-02-02",420
"2022-02-03",790
"2022-02-04",659
"2022-02-05",586
"2022-02-06",942
"2022-02-07",699
"2022-02-08",784
"2022-02-09",327
"2022-02-10",105
"2022-02-11",435
"2022-02-12",460
"2022-02-13",101
"2022-02-14",957
"2022-02-15",520
"2022-02-16",750
"2022-02-17",974
"2022-02-18",594
"2022-02-19",308
"2022-02-20",816
"2022-02-21",133
"2022-02-22",348
"2022-02-23",628
"2022-02-24",793
"2022-02-25",213
"2022-02-26",276
"2022-02-27",783
"2022-02-28",891
"2022-03-01",522
"2022-03-02",917
"2022-03-03",363
"2022-03-04",673
"2022-03-05",534
"2022-03-06",308
"2022-03-07",955
"2022-03-08",857
"2022-03-09",173
"2022-03-10",175
"2022-03-11",913
"2022-03-12",969
"2022-03-13",862
"2022-03-14",687
"2022-03-15",966
"2022-03-16",608
"2022-03-17",244
"2022-03-18",779
"2022-03-19",188
"2022-03-20",324
"2022-03-21",380
"2022-03-22",338
"2022-03-23",123
"2022-03-24",910
"2022-03-25",182
"2022-03-26",206
"2022-03-27",582
"2022-03-28",506
"2022-03-29",787
"2022-03-30",549
"2022-03-31",605
"2022-04-01",970
"2022-04-02",367
"2022-04-03",294
"2022-04-04",560
"2022-04-05",716
"2022-04-06",930
"2022-04-07",637
"2022-04-08",503
"2022-04-09",345
"2022-04-10",387
"2022-04-11",509
"2022-04-12",154
"2022-04-13",769
"2022-04-14",559
"2022-04-15",650
"2022-04-16",559
"2022-04-17",351
"2022-04-18",577
"2022-04-19",976
"2022-04-20",342
"2022-04-21",449
"2022-04-22",471
"2022-04-23",727
"2022-04-24",239
"2022-04-25",461
"2022-04-26",140
"2022-04-27",734
"2022-04-28",197
"2022-04-29",244
"2022-04-30",900
"2022-05-01",628
"2022-05-02",347
"2022-05-03",911
"2022-05-04",246
"2022-05-05",808
"2022-05-06",492
"2022-05-07",867
"2022-05-08",107
"2022-05-09",497
"2022-05-10",528
"2022-05-11",286
"2022-05-12",749
"2022-05-13",559
"2022-05-14",202
"2022-05-15",583
"2022-05-16",520
"2022-05-17",944
"2022-05-18",152
"2022-05-19",640
"2022-05-20",104
"2022-05-21",736
"2022-05-22",433
"2022-05-23",118
"2022-05-24",139
"2022-05-25",406
"2022-05-26",933
"2022-05-27",995
"2022-05-28",315
"2022-05-29",905
"2022-05-30",299
"2022-05-31",417
"2022-06-01",337
"2022-06-02",726
"2022-06-03",163
"2022-06-04",346
"2022-06-05",602
"2022-06-06",221
"2022-06-07",919
"2022-06-08",446
"2022-06-09",183
"2022-06-10",945
"2022-06-11",430
"2022-06-12",491
"2022-06-13",137
"2022-06-14",309
"2022-06-15",714
"2022-06-16",631
"2022-06-17",747
"2022-06-18",116
"2022-06-19",575
"2022-06-20",258
"2022-06-21",299
"2022-06-22",675
"2022-06-23",850
"2022-06-24",839
"2022-06-25",248
"2022-06-26",320
"2022-06-27",631
"2022-06-28",801
"2022-06-29",263
"2022-06-30",936
"2022-07-01",432
"2022-07-02",119
"2022-07-03",403
"2022-07-04",900
"2022-07-05",741
"2022-07-06",898
"2022-07-07",317
"2022-07-08",134
"2022-07-09",897
"2022-07-10",903
"2022-07-11",100
"2022-07-12",235
"2022-07-13",995
"2022-07-14",705
"2022-07-15",312
"2022-07-16",119
"2022-07-17",120
"2022-07-18",558
"2022-07-19",119
"2022-07-20",552
"2022-07-21",102
"2022-07-22",400
"2022-07-23",411
"2022-07-24",639
"2022-07-25",892
"2022-07-26",144
"2022-07-27",985
"2022-07-28",551
"2022-07-29",110
"2022-07-30",464
"2022-07-31",992
"2022-08-01",920
"2022-08-02",620
"2022-08-03",470
"2022-08-04",129
"2022-08-05",760
"2022-08-06",801
"2022-08-07",764
"2022-08-08",235
"2022-08-09",278
"2022-08-10",113
"2022-08-11",564
"2022-08-12",483
"2022-08-13",853
"2022-08-14",355
"2022-08-15",670
"2022-08-16",994
"2022-08-17",770
"2022-08-18",838
"2022-08-19",198
"2022-08-20",417
"2022-08-21",225
"2022-08-22",607
"2022-08-23",439
"2022-08-24",786
"2022-08-25",479
"2022-08-26",704
"2022-08-27",389
"2022-08-28",802
"2022-08-29",331
"2022-08-30",429
"2022-08-31",777
"2022-09-01",395
"2022-09-02",326
"2022-09-03",696
"2022-09-04",443
"2022-09-05",626
"2022-09-06",742
"2022-09-07",980
"2022-09-08",382
"2022-09-09",859
"2022-09-10",769
"2022-09-11",474
"2022-09-12",586
"2022-09-13",584
"2022-09-14",671
"2022-09-15",592
"2022-09-16",459
"2022-09-17",748
"2022-09-18",340
"2022-09-19",315
"2022-09-20",476
"2022-09-21",176
"2022-09-22",222
"2022-09-23",635
"2022-09-24",779
"2022-09-25",567
"2022-09-26",209
"2022-09-27",232
"2022-09-28",817
"2022-09-29",871
"2022-09-30",865
"2022-10-01",111
"2022-10-02",499
"2022-10-03",169
"2022-10-04",879
"2022-10-05",553
"2022-10-06",648
"2022-10-07",408
"2022-10-08",458
"2022-10-09",661
"2022-10-10",875
"2022-10-11",466
"2022-10-12",133
"2022-10-13",462
"2022-10-14",117
"2022-10-15",883
"2022-10-16",732
"2022-10-17",524
"2022-10-18",381
"2022-10-19",940
"2022-10-20",425
"2022-10-21",606
"2022-10-22",131
"2022-10-23",230
"2022-10-24",282
"2022-10-25",446
"2022-10-26",400
"2022-10-27",183
"2022-10-28",655
"2022-10-29",971
"2022-10-30",354
"2022-10-31",462
"2022-11-01",373
"2022-11-02",420
"2022-11-03",209
"2022-11-04",900
"2022-11-05",330
"2022-11-06",759
"2022-11-07",524
"2022-11-08",639
"2022-11-09",365
"2022-11-10",984
"2022-11-11",277
"2022-11-12",117
"2022-11-13",338
"2022-11-14",944
"2022-11-15",562
"2022-11-16",873
"2022-11-17",578
"2022-11-18",595
"2022-11-19",196
"2022-11-20",387
"2022-11-21",288
"2022-11-22",102
"2022-11-23",449
"2022-11-24",397
"2022-11-25",843
"2022-11-26",541
"2022-11-27",451
"2022-11-28",971
"2022-11-29",916
"2022-11-30",866
"2022-12-01",676
"2022-12-02",675
"2022-12-03",732
"2022-12-04",607
"2022-12-05",504
"2022-12-06",272
"2022-12-07",746
"2022-12-08",702
"2022-12-09",253
"2022-12-10",511
"2022-12-11",516
"2022-12-12",910
"2022-12-13",598
"2022-12-14",398
"2022-12-15",806
"2022-12-16",828
"2022-12-17",401
"2022-12-18",192
"2022-12-19",261
"2022-12-20",262
"2022-12-21",846
"2022-12-22",381
"2022-12-23",702
"2022-12-24",417
"2022-12-25",742
"2022-12-26",816
"2022-12-27",757
"2022-12-28",254
"2022-12-29",889
"2022-12-30",909
"2022-12-31",297
"2023-01-01",275
"2023-01-02",240
"2023-01-03",283
"2023-01-04",133
"2023-01-05",205
"2023-01-06",453
"2023-01-07",937
"2023-01-08",322
"2023-01-09",731
"2023-01-10",258
"2023-01-11",909
"2023-01-12",464
"2023-01-13",936
"2023-01-14",704
"2023-01-15",202
"2023-01-16",335
"2023-01-17",431
"2023-01-18",483
"2023-01-19",885
"2023-01-20",992
"2023-01-21",156
"2023-01-22",813
"2023-01-23",786
"2023-01-24",775
"2023-01-25",646
"2023-01-26",621
"2023-01-27",176
"2023-01-28",961
"2023-01-29",562
"2023-01-30",371
"2023-01-31",103
"2023-02-01",605
"2023-02-02",614
"2023-02-03",902
"2023-02-04",576
"2023-02-05",814
"2023-02-06",362
"2023-02-07",844
"2023-02-08",999
"2023-02-09",733
"2023-02-10",686
"2023-02-11",180
"2023-02-12",677
"2023-02-13",688
"2023-02-14",146
"2023-02-15",733
"2023-02-16",419
"2023-02-17",570
"2023-02-18",201
"2023-02-19",529
"2023-02-20",502
"2023-02-21",735
"2023-02-22",209
"2023-02-23",311
"2023-02-24",669
"2023-02-25",901
"2023-02-26",162
"2023-02-27",666
"2023-02-28",825
"2023-03-01",353
"2023-03-02",186
"2023-03-03",883
"2023-03-04",809
"2023-03-05",316
"2023-03-06",672
"2023-03-07",359
"2023-03-08",721
"2023-03-09",991
"2023-03-10",707
"2023-03-11",883
"2023-03-12",245
"2023-03-13",655
"2023-03-14",672
"2023-03-15",775
"2023-03-16",926
"2023-03-17",445
"2023-03-18",462
"2023-03-19",807
"2023-03-20",264
"2023-03-21",141
"2023-03-22",947
"2023-03-23",975
"2023-03-24",318
"2023-03-25",372
"2023-03-26",349
"2023-03-27",111
"2023-03-28",483
"2023-03-29",274
"2023-03-30",531
"2023-03-31",899
"2023-04-01",345
"2023-04-02",895
"2023-04-03",611
"2023-04-04",890
"2023-04-05",490
"2023-04-06",512
"2023-04-07",266
"2023-04-08",369
"2023-04-09",595
"2023-04-10",827
"2023-04-11",969
"2023-04-12",404
"2023-04-13",568
"2023-04-14",185
"2023-04-15",453
"2023-04-16",287
"2023-04-17",382
"2023-04-18",721
"2023-04-19",837
"2023-04-20",776
"2023-04-21",516
"2023-04-22",969
"2023-04-23",372
"2023-04-24",973
"2023-04-25",665
"2023-04-26",253
"2023-04-27",350
"2023-04-28",362
"2023-04-29",653
"2023-04-30",506
"2023-05-01",516
"2023-05-02",510
"2023-05-03",570
"2023-05-04",451
"2023-05-05",458
"2023-05-06",861
"2023-05-07",827
"2023-05-08",170
"2023-05-09",687
"2023-05-10",981
"2023-05-11",526
"2023-05-12",425
"2023-05-13",788
"2023-05-14",559
"2023-05-15",624
"2023-05-16",828
"2023-05-17",451
"2023-05-18",738
"2023-05-19",861
"2023-05-20",821
"2023-05-21",606
"2023-05-22",171
"2023-05-23",355
"2023-05-24",765
"2023-05-25",667
"2023-05-26",269
"2023-05-27",702
"2023-05-28",493
"2023-05-29",216
"2023-05-30",267
"2023-05-31",951
"2023-06-01",504
"2023-06-02",517
"2023-06-03",986
"2023-06-04",922
"2023-06-05",530
"2023-06-06",350
"2023-06-07",239
"2023-06-08",993
"2023-06-09",643
"2023-06-10",146
"2023-06-11",468
"2023-06-12",514
"2023-06-13",270
"2023-06-14",163
"2023-06-15",782
"2023-06-16",858
"2023-06-17",410
"2023-06-18",255
"2023-06-19",302
"2023-06-20",372
"2023-06-21",624
"2023-06-22",265
"2023-06-23",914
"2023-06-24",163
"2023-06-25",893
"2023-06-26",422
"2023-06-27",387
"2023-06-28",135
"2023-06-29",649
"2023-06-30",814
"2023-07-01",720
"2023-07-02",581
"2023-07-03",249
"2023-07-04",455
"2023-07-05",411
"2023-07-06",196
"2023-07-07",608
"2023-07-08",220
"2023-07-09",728
"2023-07-10",843
"2023-07-11",657
"2023-07-12",720
"2023-07-13",513
"2023-07-14",459
"2023-07-15",665
"2023-07-16",404
"2023-07-17",103
"2023-07-18",699
"2023-07-19",963
"2023-07-20",669
"2023-07-21",267
"2023-07-22",790
"2023-07-23",597
"2023-07-24",473
"2023-07-25",743
"2023-07-26",122
"2023-07-27",401
"2023-07-28",924
"2023-07-29",624
"2023-07-30",302
"2023-07-31",525
"2023-08-01",507
"2023-08-02",340
"2023-08-03",492
"2023-08-04",941
"2023-08-05",565
"2023-08-06",558
"2023-08-07",292
"2023-08-08",255
"2023-08-09",397
"2023-08-10",622
"2023-08-11",715
"2023-08-12",598
"2023-08-13",755
"2023-08-14",843
"2023-08-15",297
"2023-08-16",170
"2023-08-17",950
"2023-08-18",251
"2023-08-19",708
"2023-08-20",119
"2023-08-21",423
"2023-08-22",781
"2023-08-23",142
"2023-08-24",142
"2023-08-25",939
"2023-08-26",958
"2023-08-27",178
"2023-08-28",422
"2023-08-29",638
"2023-08-30",134
"2023-08-31",631
"2023-09-01",232
"2023-09-02",882
"2023-09-03",633
"2023-09-04",497
"2023-09-05",832
"2023-09-06",780
"2023-09-07",729
"2023-09-08",952
"2023-09-09",450
"2023-09-10",924
"2023-09-11",453
"2023-09-12",689
"2023-09-13",805
"2023-09-14",887
"2023-09-15",989
"2023-09-16",841
"2023-09-17",614
"2023-09-18",733
"2023-09-19",709
"2023-09-20",433
"2023-09-21",705
"2023-09-22",141
"2023-09-23",376
"2023-09-24",956
"2023-09-25",945
"2023-09-26",470
"2023-09-27",405
"2023-09-28",688
"2023-09-29",684
"2023-09-30",262
"2023-10-01",832
"2023-10-02",270
"2023-10-03",150
"2023-10-04",342
"2023-10-05",160
"2023-10-06",671
"2023-10-07",840
"2023-10-08",277
"2023-10-09",922
"2023-10-10",754
"2023-10-11",886
"2023-10-12",277
"2023-10-13",189
"2023-10-14",766
"2023-10-15",449
"2023-10-16",438
"2023-10-17",869
"2023-10-18",659
"2023-10-19",610
"2023-10-20",698
"2023-10-21",755
"2023-10-22",162
"2023-10-23",513
"2023-10-24",459
"2023-10-25",431
"2023-10-26",248
"2023-10-27",884
"2023-10-28",305
"2023-10-29",981
"2023-10-30",200
"2023-10-31",554
"2023-11-01",763
"2023-11-02",367
"2023-11-03",626
"2023-11-04",391
"2023-11-05",696
"2023-11-06",589
"2023-11-07",360
"2023-11-08",282
"2023-11-09",109
"2023-11-10",253
"2023-11-11",648
"2023-11-12",961
"2023-11-13",486
"2023-11-14",946
"2023-11-15",765
"2023-11-16",797
"2023-11-17",874
"2023-11-18",813
"2023-11-19",724
"2023-11-20",185
"2023-11-21",262
"2023-11-22",686
"2023-11-23",120
"2023-11-24",870
"2023-11-25",563
"2023-11-26",794
"2023-11-27",986
"2023-11-28",606
"2023-11-29",619
"2023-11-30",582
"2023-12-01",866
"2023-12-02",398
"2023-12-03",292
"2023-12-04",501
"2023-12-05",352
"2023-12-06",654
"2023-12-07",885
"2023-12-08",835
"2023-12-09",685
"2023-12-10",815
"2023-12-11",322
"2023-12-12",417
"2023-12-13",735
"2023-12-14",691
"2023-12-15",217
"2023-12-16",841
"2023-12-17",586
"2023-12-18",343
"2023-12-19",226
"2023-12-20",893
"2023-12-21",357
"2023-12-22",930
"2023-12-23",932
"2023-12-24",920
"2023-12-25",727
"2023-12-26",934
"2023-12-27",354
"2023-12-28",123
"2023-12-29",177
"2023-12-30",322
"2023-12-31",473
